<?xml version="1.0" encoding="UTF-8"?>
<model package="tickets" version="1.1" baseClass="xPDOObject" platform="mysql" defaultEngine="InnoDB"
       phpdoc-package="tickets">
    <object class="TicketsSection" extends="modResource">
        <composite alias="Tickets" class="Ticket" local="id" foreign="parent" cardinality="many" owner="local"/>
        <composite alias="Total" class="TicketTotal" local="id" foreign="id" cardinality="one" owner="local">
            <criteria target="foreign"><![CDATA[{"class":"TicketsSection"}]]></criteria>
        </composite>
    </object>

    <object class="Ticket" extends="modResource">
        <aggregate alias="Section" class="TicketsSection" local="parent" foreign="id" cardinality="one"
                   owner="foreign"/>
        <aggregate alias="Threads" class="TicketThread" local="id" foreign="resource" cardinality="many" owner="local"/>
        <composite alias="Views" class="TicketView" local="id" foreign="parent" cardinality="many" owner="local"/>
        <composite alias="Votes" class="TicketVote" local="id" foreign="id" cardinality="many" owner="local">
            <criteria target="foreign"><![CDATA[{"class":"Ticket"}]]></criteria>
        </composite>
        <composite alias="Stars" class="TicketStar" local="id" foreign="id" cardinality="many" owner="local">
            <criteria target="foreign"><![CDATA[{"class":"Ticket"}]]></criteria>
        </composite>
        <composite alias="Files" class="TicketFile" local="id" foreign="parent" cardinality="many" owner="local">
            <criteria target="foreign"><![CDATA[{"class":"Ticket"}]]></criteria>
        </composite>
        <composite alias="Total" class="TicketTotal" local="id" foreign="id" cardinality="one" owner="local">
            <criteria target="foreign"><![CDATA[{"class":"Ticket"}]]></criteria>
        </composite>
    </object>

    <object class="TicketComment" table="tickets_comments" extends="xPDOSimpleObject">
        <field key="thread" dbtype="int" precision="10" phptype="integer" attributes="unsigned" null="false"
               default="0"/>
        <field key="parent" dbtype="integer" precision="10" phptype="integer" attributes="unsigned" null="false"
               default="0"/>

        <field key="text" dbtype="text" phptype="string" null="false" default=""/>
        <field key="raw" dbtype="text" phptype="string" null="false" default=""/>
        <field key="name" dbtype="varchar" precision="255" phptype="string" null="false" default=""/>
        <field key="email" dbtype="varchar" precision="255" phptype="string" null="false" default=""/>
        <field key="ip" dbtype="varchar" precision="16" phptype="string" null="false" default="0.0.0.0"/>
        <field key="rating" dbtype="smallint" precision="5" phptype="integer" null="true" default="0"/>
        <field key="rating_plus" dbtype="smallint" precision="5" phptype="integer" null="true" default="0"/>
        <field key="rating_minus" dbtype="smallint" precision="5" phptype="integer" null="true" default="0"/>

        <field key="createdon" dbtype="datetime" phptype="datetime" null="true"/>
        <field key="createdby" dbtype="integer" precision="10" phptype="integer" attributes="unsigned" null="false"
               default="0"/>

        <field key="editedon" dbtype="datetime" phptype="datetime" null="true"/>
        <field key="editedby" dbtype="integer" precision="10" phptype="integer" attributes="unsigned" null="false"
               default="0"/>

        <field key="published" dbtype="tinyint" precision="1" phptype="boolean" attributes="unsigned" null="false"
               default="1"/>
        <field key="deleted" dbtype="tinyint" precision="1" phptype="boolean" attributes="unsigned" null="false"
               default="0"/>
        <field key="deletedon" dbtype="datetime" phptype="datetime" null="true"/>
        <field key="deletedby" dbtype="integer" precision="10" phptype="integer" attributes="unsigned" null="false"
               default="0"/>

        <field key="properties" dbtype="text" phptype="json" null="true"/>

        <index alias="thread" name="thread" primary="false" unique="false" type="BTREE">
            <column key="thread" length="" collation="A" null="false"/>
        </index>
        <index alias="parent" name="parent" primary="false" unique="false" type="BTREE">
            <column key="parent" length="" collation="A" null="false"/>
        </index>
        <index alias="deleted" name="deleted" primary="false" unique="false" type="BTREE">
            <column key="deleted" length="" collation="A" null="false"/>
        </index>
        <index alias="published" name="published" primary="false" unique="false" type="BTREE">
            <column key="published" length="" collation="A" null="false"/>
        </index>
        <index alias="rating" name="rating" primary="false" unique="false" type="BTREE">
            <column key="rating" length="" collation="A" null="false"/>
        </index>

        <aggregate alias="User" class="modUser" local="createdby" foreign="id" cardinality="one" owner="foreign"/>
        <aggregate alias="UserProfile" class="modUserProfile" local="createdby" foreign="internalKey" cardinality="one"
                   owner="foreign"/>
        <aggregate alias="Thread" class="TicketThread" local="thread" foreign="id" cardinality="one" owner="foreign"/>
        <aggregate alias="Parent" class="TicketComment" local="parent" foreign="id" cardinality="one" owner="foreign"/>
        <aggregate alias="Children" class="TicketComment" local="id" foreign="parent" cardinality="many" owner="local"/>
        <composite alias="Votes" class="TicketVote" local="id" foreign="id" cardinality="many" owner="local">
            <criteria target="foreign"><![CDATA[{"class":"TicketComment"}]]></criteria>
        </composite>
        <composite alias="Total" class="TicketTotal" local="id" foreign="id" cardinality="one" owner="local">
            <criteria target="foreign"><![CDATA[{"class":"TicketComment"}]]></criteria>
        </composite>
    </object>

    <object class="TicketThread" table="tickets_threads" extends="xPDOSimpleObject">
        <field key="resource" dbtype="int" precision="10" phptype="integer" attributes="unsigned" null="false"
               default="0"/>
        <field key="name" dbtype="varchar" precision="255" phptype="string" null="false" default=""/>

        <field key="subscribers" dbtype="text" phptype="json" null="false" default=""/>

        <field key="createdon" dbtype="datetime" phptype="datetime" null="true"/>
        <field key="createdby" dbtype="integer" precision="10" phptype="integer" attributes="unsigned" null="false"
               default="0"/>

        <field key="closed" dbtype="tinyint" precision="1" phptype="boolean" attributes="unsigned" null="false"
               default="0"/>
        <field key="deleted" dbtype="tinyint" precision="1" phptype="boolean" attributes="unsigned" null="false"
               default="0"/>
        <field key="deletedon" dbtype="datetime" phptype="datetime" null="true"/>
        <field key="deletedby" dbtype="integer" precision="10" phptype="integer" attributes="unsigned" null="false"
               default="0"/>

        <field key="comment_last" dbtype="int" precision="10" phptype="integer" attributes="unsigned" null="false"
               default="0"/>
        <field key="comment_time" dbtype="datetime" phptype="datetime" null="true" index="index"/>
        <field key="comments" dbtype="int" precision="10" phptype="integer" attributes="unsigned" null="true"
               default="0"/>

        <field key="properties" dbtype="text" phptype="json" null="true"/>

        <index alias="name" name="name" primary="false" unique="true" type="BTREE">
            <column key="name" length="" collation="A" null="false"/>
        </index>
        <index alias="resource" name="resource" primary="false" unique="false" type="BTREE">
            <column key="resource" length="" collation="A" null="false"/>
        </index>
        <index alias="comment_last" name="comment_last" primary="false" unique="false" type="BTREE">
            <column key="comment_last" length="" collation="A" null="false"/>
        </index>
        <index alias="comments" name="comments" primary="false" unique="false" type="BTREE">
            <column key="comments" length="" collation="A" null="false"/>
        </index>
        <index alias="closed" name="closed" primary="false" unique="false" type="BTREE">
            <column key="closed" length="" collation="A" null="false"/>
        </index>

        <aggregate alias="Ticket" class="Ticket" local="resource" foreign="id" cardinality="one" owner="foreign"/>
        <aggregate alias="Resource" class="modResource" local="resource" foreign="id" cardinality="one"
                   owner="foreign"/>
        <composite alias="Comments" class="TicketComment" local="id" foreign="thread" cardinality="many" owner="local"/>
        <composite alias="Total" class="TicketTotal" local="id" foreign="id" cardinality="one" owner="local">
            <criteria target="foreign"><![CDATA[{"class":"TicketThread"}]]></criteria>
        </composite>
    </object>

    <object class="TicketVote" table="tickets_votes" extends="xPDOObject">
        <field key="id" dbtype="int" precision="10" phptype="integer" attributes="unsigned" null="false" default="0"
               index="pk"/>
        <field key="class" dbtype="varchar" precision="100" phptype="string" null="false" index="pk"/>
        <field key="owner" dbtype="int" precision="10" phptype="integer" attributes="unsigned" null="false" default="0"
               index="index"/>
        <field key="value" dbtype="tinyint" precision="1" phptype="integer" null="false" default="0"/>

        <field key="createdon" dbtype="datetime" phptype="datetime" null="true" index="index"/>
        <field key="createdby" dbtype="int" precision="10" phptype="integer" attributes="unsigned" null="false"
               default="0" index="pk"/>
        <field key="ip" dbtype="varchar" precision="16" phptype="string" null="true" default="0.0.0.0"/>

        <index alias="PRIMARY" name="PRIMARY" primary="true" unique="true" type="BTREE">
            <column key="id" length="" collation="A" null="false"/>
            <column key="createdby" length="" collation="A" null="false"/>
            <column key="class" length="" collation="A" null="false"/>
        </index>
        <index alias="createdon" name="createdon" primary="false" unique="false" type="BTREE">
            <column key="createdon" length="" collation="A" null="false"/>
        </index>
        <index alias="owner" name="owner" primary="false" unique="false" type="BTREE">
            <column key="owner" length="" collation="A" null="false"/>
        </index>
    </object>

    <object class="TicketStar" table="tickets_stars" extends="xPDOObject">
        <field key="id" dbtype="int" precision="10" phptype="integer" attributes="unsigned" null="false" default="0"
               index="pk"/>
        <field key="class" dbtype="varchar" precision="100" phptype="string" null="false" default="Ticket" index="pk"/>
        <field key="owner" dbtype="int" precision="10" phptype="integer" attributes="unsigned" null="false" default="0"
               index="index"/>

        <field key="createdon" dbtype="datetime" phptype="datetime" null="true" index="index"/>
        <field key="createdby" dbtype="int" precision="10" phptype="integer" attributes="unsigned" null="false"
               default="0" index="pk"/>

        <index alias="PRIMARY" name="PRIMARY" primary="true" unique="true" type="BTREE">
            <column key="id" length="" collation="A" null="false"/>
            <column key="createdby" length="" collation="A" null="false"/>
            <column key="class" length="" collation="A" null="false"/>
        </index>
        <index alias="createdon" name="createdon" primary="false" unique="false" type="BTREE">
            <column key="createdon" length="" collation="A" null="false"/>
        </index>
        <index alias="owner" name="owner" primary="false" unique="false" type="BTREE">
            <column key="owner" length="" collation="A" null="false"/>
        </index>
    </object>

    <object class="TicketView" table="tickets_views" extends="xPDOObject">
        <field key="parent" dbtype="int" precision="10" phptype="integer" attributes="unsigned" null="false" default="0"
               index="pk"/>
        <field key="uid" dbtype="int" precision="10" phptype="integer" attributes="unsigned" null="false" default="0"
               index="pk"/>
        <field key="guest_key" dbtype="char" precision="32" phptype="string" null="false" default="" index="pk"/>
        <field key="timestamp" dbtype="datetime" phptype="datetime" null="false"/>

        <index alias="PRIMARY" name="PRIMARY" primary="true" unique="true" type="BTREE">
            <column key="parent" length="" collation="A" null="false"/>
            <column key="uid" length="" collation="A" null="false"/>
            <column key="guest_key" length="" collation="A" null="false"/>
        </index>

        <aggregate alias="Ticket" class="Ticket" local="parent" foreign="id" cardinality="one" owner="foreign"/>
    </object>

    <object class="TicketQueue" table="tickets_mail_queues" extends="xPDOSimpleObject">
        <field key="timestamp" dbtype="timestamp" phptype="timestamp" null="false" default="CURRENT_TIMESTAMP"/>
        <field key="uid" dbtype="int" precision="10" phptype="integer" attributes="unsigned" null="false" default="0"/>
        <field key="subject" dbtype="varchar" precision="255" phptype="string" null="true" default=""/>
        <field key="body" dbtype="text" phptype="string" null="true" default=""/>
        <field key="email" dbtype="varchar" precision="255" phptype="string" null="true" default=""/>

        <index alias="uid" name="uid" primary="false" unique="false" type="BTREE">
            <column key="uid" length="" collation="A" null="false"/>
        </index>
        <index alias="email" name="email" primary="false" unique="false" type="BTREE">
            <column key="email" length="" collation="A" null="false"/>
        </index>

        <aggregate alias="User" class="modUser" local="uid" foreign="id" cardinality="one" owner="foreign"/>
    </object>

    <object class="TicketFile" table="tickets_files" extends="xPDOSimpleObject">
        <field key="parent" dbtype="int" precision="10" phptype="integer" attributes="unsigned" null="false"
               default="0"/>
        <field key="class" dbtype="varchar" precision="100" phptype="string"/>
        <field key="source" dbtype="int" precision="10" attributes="unsigned" phptype="integer" null="true"
               default="1"/>

        <field key="name" dbtype="varchar" precision="255" phptype="string" null="false"/>
        <field key="description" dbtype="text" phptype="string" null="true"/>
        <field key="path" dbtype="varchar" precision="255" phptype="string" null="false"/>
        <field key="file" dbtype="varchar" precision="255" phptype="string" null="false"/>
        <field key="type" dbtype="varchar" precision="50" phptype="string" null="true"/>
        <field key="size" dbtype="int" precision="10" attributes="unsigned" phptype="integer" null="false" default="0"/>

        <field key="createdon" dbtype="datetime" phptype="datetime" null="true"/>
        <field key="createdby" dbtype="int" precision="10" attributes="unsigned" phptype="integer" null="false"
               default="0"/>

        <field key="url" dbtype="varchar" precision="255" phptype="string" null="false"/>
        <field key="thumb" dbtype="varchar" precision="255" phptype="string" null="false"/>
        <field key="thumbs" dbtype="text" phptype="json" null="true"/>

        <!--<field key="active" dbtype="tinyint" precision="1" phptype="boolean" null="true" default="1" />-->
        <field key="deleted" dbtype="tinyint" precision="1" phptype="boolean" null="true" default="0"/>

        <field key="properties" dbtype="text" phptype="json" null="true"/>
        <field key="hash" dbtype="char" precision="40" phptype="string" null="true" default="" index="index"/>

        <index alias="parent" name="parent" primary="false" unique="false" type="BTREE">
            <column key="parent" length="" collation="A" null="false"/>
            <column key="class" length="" collation="A" null="false"/>
        </index>
        <index alias="source" name="source" primary="false" unique="false" type="BTREE">
            <column key="source" length="" collation="A" null="false"/>
        </index>
        <index alias="type" name="type" primary="false" unique="false" type="BTREE">
            <column key="type" length="" collation="A" null="false"/>
        </index>
        <!--
        <index alias="active" name="active" primary="false" unique="false" type="BTREE">
            <column key="active" length="" collation="A" null="false" />
        </index>
        -->
        <index alias="deleted" name="deleted" primary="false" unique="false" type="BTREE">
            <column key="deleted" length="" collation="A" null="false"/>
        </index>
        <index alias="hash" name="hash" primary="false" unique="false" type="BTREE">
            <column key="hash" length="" collation="A" null="false"/>
        </index>
    </object>

    <object class="TicketAuthor" table="tickets_authors" extends="xPDOObject">
        <field key="id" dbtype="int" precision="10" phptype="integer" attributes="unsigned" null="false" index="pk"/>
        <field key="rating" dbtype="decimal" precision="12,2" phptype="float" null="true" default="0"/>

        <field key="createdon" dbtype="datetime" phptype="datetime" null="true"/>
        <field key="visitedon" dbtype="datetime" phptype="datetime" null="true"/>

        <field key="tickets" dbtype="int" precision="10" phptype="integer" attributes="unsigned" null="true"
               default="0"/>
        <field key="comments" dbtype="int" precision="10" phptype="integer" attributes="unsigned" null="true"
               default="0"/>
        <field key="views" dbtype="int" precision="10" phptype="integer" attributes="unsigned" null="true" default="0"/>

        <field key="votes_tickets" dbtype="decimal" precision="12,2" phptype="float" null="true" default="0"/>
        <field key="votes_comments" dbtype="decimal" precision="12,2" phptype="float" null="true" default="0"/>
        <field key="stars_tickets" dbtype="int" precision="10" phptype="integer" attributes="unsigned" null="true"
               default="0"/>
        <field key="stars_comments" dbtype="int" precision="10" phptype="integer" attributes="unsigned" null="true"
               default="0"/>

        <field key="votes_tickets_up" dbtype="int" precision="10" phptype="integer" attributes="unsigned" null="true"
               default="0"/>
        <field key="votes_tickets_down" dbtype="int" precision="10" phptype="integer" attributes="unsigned" null="true"
               default="0"/>
        <field key="votes_comments_up" dbtype="int" precision="10" phptype="integer" attributes="unsigned" null="true"
               default="0"/>
        <field key="votes_comments_down" dbtype="int" precision="10" phptype="integer" attributes="unsigned" null="true"
               default="0"/>

        <index alias="PRIMARY" name="PRIMARY" primary="true" unique="true" type="BTREE">
            <column key="id" length="" collation="A" null="false"/>
        </index>
        <index alias="rating" name="rating" primary="false" unique="false" type="BTREE">
            <column key="rating" length="" collation="A" null="false"/>
        </index>
        <index alias="createdon" name="createdon" primary="false" unique="false" type="BTREE">
            <column key="createdon" length="" collation="A" null="false"/>
        </index>
        <index alias="visitedon" name="visitedon" primary="false" unique="false" type="BTREE">
            <column key="visitedon" length="" collation="A" null="false"/>
        </index>
        <index alias="tickets" name="tickets" primary="false" unique="false" type="BTREE">
            <column key="tickets" length="" collation="A" null="false"/>
        </index>
        <index alias="comments" name="comments" primary="false" unique="false" type="BTREE">
            <column key="comments" length="" collation="A" null="false"/>
        </index>
        <index alias="views" name="views" primary="false" unique="false" type="BTREE">
            <column key="views" length="" collation="A" null="false"/>
        </index>
        <index alias="votes_tickets" name="votes" primary="false" unique="false" type="BTREE">
            <column key="votes_tickets" length="" collation="A" null="false"/>
        </index>
        <index alias="votes_comments" name="votes" primary="false" unique="false" type="BTREE">
            <column key="votes_comments" length="" collation="A" null="false"/>
        </index>
        <index alias="stars_tickets" name="votes" primary="false" unique="false" type="BTREE">
            <column key="stars_tickets" length="" collation="A" null="false"/>
        </index>
        <index alias="stars_comments" name="votes" primary="false" unique="false" type="BTREE">
            <column key="stars_comments" length="" collation="A" null="false"/>
        </index>

        <composite alias="Actions" class="TicketAuthorAction" local="id" foreign="createdby" cardinality="many"
                   owner="local"/>
        <aggregate alias="User" class="modUser" local="id" foreign="id" cardinality="one" owner="foreign"/>
        <aggregate alias="UserProfile" class="modUserProfile" local="id" foreign="internalKey" cardinality="one"
                   owner="foreign"/>
    </object>

    <object class="TicketAuthorAction" table="tickets_author_actions" extends="xPDOObject">
        <field key="id" dbtype="int" precision="10" phptype="integer" null="false" index="pk"/>
        <field key="action" dbtype="varchar" precision="50" phptype="string" null="false" index="pk"/>
        <field key="owner" dbtype="int" precision="10" phptype="integer" null="false" default="0" index="pk"/>
        <field key="rating" dbtype="decimal" precision="12,2" phptype="float" null="true" default="0"/>
        <field key="multiplier" dbtype="int" precision="10" phptype="integer" null="true" default="1"/>

        <field key="ticket" dbtype="int" precision="10" phptype="integer" null="false" default="0"/>
        <field key="section" dbtype="int" precision="10" phptype="integer" null="false" default="0"/>
        <field key="createdby" dbtype="int" precision="10" phptype="integer" null="false" default="0" index="pk"/>
        <field key="createdon" dbtype="datetime" phptype="datetime" null="false"/>

        <field key="year" dbtype="year" precision="4" phptype="integer" null="true" default="0000"/>
        <field key="month" dbtype="int" precision="2" phptype="integer" null="true" default="0"/>
        <field key="day" dbtype="int" precision="2" phptype="integer" null="true" default="0"/>

        <index alias="PRIMARY" name="PRIMARY" primary="true" unique="true" type="BTREE">
            <column key="id" length="" collation="A" null="false"/>
            <column key="action" length="" collation="A" null="false"/>
            <column key="owner" length="" collation="A" null="false"/>
            <column key="createdby" length="" collation="A" null="false"/>
        </index>
        <index alias="createdon" name="createdon" primary="false" unique="false" type="BTREE">
            <column key="createdon" length="" collation="A" null="false"/>
        </index>
        <index alias="section" name="section" primary="false" unique="false" type="BTREE">
            <column key="section" length="" collation="A" null="false"/>
        </index>
        <index alias="ticket" name="ticket" primary="false" unique="false" type="BTREE">
            <column key="ticket" length="" collation="A" null="false"/>
        </index>
        <index alias="action" name="action" primary="false" unique="false" type="BTREE">
            <column key="action" length="" collation="A" null="false"/>
        </index>
        <index alias="owner" name="owner" primary="false" unique="false" type="BTREE">
            <column key="owner" length="" collation="A" null="false"/>
        </index>
        <index alias="date" name="date" primary="false" unique="false" type="BTREE">
            <column key="year" length="" collation="A" null="false"/>
            <column key="month" length="" collation="A" null="false"/>
            <column key="day" length="" collation="A" null="false"/>
        </index>

        <aggregate alias="User" class="modUser" local="createdby" foreign="id" cardinality="one" owner="foreign"/>
        <aggregate alias="UserProfile" class="modUser" local="createdby" foreign="internalKey" cardinality="one"
                   owner="foreign"/>
        <aggregate alias="Author" class="TicketAuthor" local="createdby" foreign="id" cardinality="one"
                   owner="foreign"/>

        <aggregate alias="Ticket" class="Ticket" local="ticket" foreign="id" cardinality="one" owner="foreign"/>
        <aggregate alias="Section" class="TicketsSection" local="section" foreign="id" cardinality="one"
                   owner="foreign"/>
    </object>

    <object class="TicketTotal" table="tickets_totals" extends="xPDOObject">
        <field key="id" dbtype="int" precision="10" phptype="integer" attributes="unsigned" null="false" index="pk"/>
        <field key="class" dbtype="varchar" precision="100" phptype="string" null="false" index="pk"/>

        <field key="tickets" dbtype="int" precision="10" phptype="integer" attributes="unsigned" null="true"
               default="0"/>
        <field key="comments" dbtype="int" precision="10" phptype="integer" attributes="unsigned" null="true"
               default="0"/>
        <field key="views" dbtype="int" precision="10" phptype="integer" null="true" attributes="unsigned" default="0"/>
        <field key="stars" dbtype="int" precision="10" phptype="integer" null="true" attributes="unsigned" default="0"/>
        <field key="rating" dbtype="smallint" precision="5" phptype="integer" null="true" default="0"/>
        <field key="rating_plus" dbtype="smallint" precision="5" phptype="integer" null="true" attributes="unsigned"
               default="0"/>
        <field key="rating_minus" dbtype="smallint" precision="5" phptype="integer" null="true" attributes="unsigned"
               default="0"/>

        <index alias="PRIMARY" name="PRIMARY" primary="true" unique="true" type="BTREE">
            <column key="id" length="" collation="A" null="false"/>
            <column key="class" length="" collation="A" null="false"/>
        </index>

        <index alias="views" name="owner" primary="false" unique="false" type="BTREE">
            <column key="views" length="" collation="A" null="false"/>
        </index>
        <index alias="comments" name="owner" primary="false" unique="false" type="BTREE">
            <column key="comments" length="" collation="A" null="false"/>
        </index>
        <index alias="stars" name="owner" primary="false" unique="false" type="BTREE">
            <column key="stars" length="" collation="A" null="false"/>
        </index>
        <index alias="tickets" name="owner" primary="false" unique="false" type="BTREE">
            <column key="tickets" length="" collation="A" null="false"/>
        </index>
        <index alias="rating" name="owner" primary="false" unique="false" type="BTREE">
            <column key="rating" length="" collation="A" null="false"/>
        </index>

        <aggregate alias="User" class="modUser" local="uid" foreign="id" cardinality="one" owner="foreign"/>
        <aggregate alias="TicketsSection" class="Ticket" local="id" foreign="id" cardinality="one" owner="foreign">
            <criteria target="local"><![CDATA[{"class":"TicketsSection"}]]></criteria>
        </aggregate>
        <aggregate alias="Ticket" class="Ticket" local="id" foreign="id" cardinality="one" owner="foreign">
            <criteria target="local"><![CDATA[{"class":"Ticket"}]]></criteria>
        </aggregate>
        <aggregate alias="TicketComment" class="Ticket" local="id" foreign="id" cardinality="one" owner="foreign">
            <criteria target="local"><![CDATA[{"class":"TicketComment"}]]></criteria>
        </aggregate>
        <aggregate alias="TicketThread" class="Ticket" local="id" foreign="id" cardinality="one" owner="foreign">
            <criteria target="local"><![CDATA[{"class":"TicketThread"}]]></criteria>
        </aggregate>
    </object>

</model>
